Nome,qnt Veiculos ,custo,Tempo
A-n32-k5.vrp,5,784.0,11.734836339950562
A-n33-k5.vrp,5,661.0,5.110581159591675
