Algoritmo,Nome,qnt Veiculos,custo,Tempo,iteracao,Valor Otimo,Desvio padrão
+AG,A-n36-k5.vrp,5,813,00:00:46,11,799,9.899494936611665
+AG,A-n37-k5.vrp,5,669,00:01:00,7,669,0.0
+AG,A-n37-k6.vrp,6,949,00:01:39,13,949,0.0
+AG,A-n38-k5.vrp,5,730,00:01:25,14,730,0.0
+AG,A-n39-k5.vrp,5,822,00:01:30,14,822,0.0
+AG,A-n39-k6.vrp,6,833,00:00:59,8,831,1.4142135623730951
+AG,A-n44-k6.vrp,6,944,00:02:45,16,937,4.949747468305833
+AG,A-n45-k6.vrp,7,953,00:01:34,11,944,6.363961030678928
